seed,dir,rmse_3d_cm,max_3d_cm,rope_L0,rope_L1,rope_L2
1,outputs/monte_carlo/seed_001,24.46756633780011,79.07868627378609,0.993902,1.154743,0.951996
2,outputs/monte_carlo/seed_002,21.427280694491362,81.15258962112065,1.017629,0.941396,1.008646
3,outputs/monte_carlo/seed_003,22.736245648128133,76.78230613849848,0.919265,1.077647,0.96563
4,outputs/monte_carlo/seed_004,24.28351519452003,84.46111120163104,1.062945,1.130131,0.931867
5,outputs/monte_carlo/seed_005,22.98725033415174,79.73130417648078,0.935706,1.082998,1.006286
6,outputs/monte_carlo/seed_006,22.77040198098862,80.34126688310039,1.033819,1.060893,0.894973
7,outputs/monte_carlo/seed_007,26.849841404076624,84.86948216975075,1.081572,1.270962,0.998299
8,outputs/monte_carlo/seed_008,22.846037367232576,77.71647102624529,1.007393,1.065851,0.877171
